<?xml version="1.0" encoding="UTF-8"?>
<project-private xmlns="http://www.netbeans.org/ns/project-private/1">
    <editor-bookmarks xmlns="http://www.netbeans.org/ns/editor-bookmarks/2" lastBookmarkId="10">
        <file>
            <url>src/umich/msfragger/gui/MsfraggerGuiFrame.java</url>
            <bookmark id="10">
                <name/>
                <line>1963</line>
                <key/>
            </bookmark>
        </file>
    </editor-bookmarks>
    <open-files xmlns="http://www.netbeans.org/ns/projectui-open-files/2">
        <group>
            <file>file:/C:/code/msfragger/fragpipe/MSFragger-GUI/src/umich/msfragger/gui/MsfraggerGuiFrame.java</file>
        </group>
    </open-files>
</project-private>
